timestamp,rss_kib,process_swap_kib,gpu_used_mib,gpu_temp_c,read_bytes,system_pswpin,system_pswpout
1788803496,11580,0,1658,51,0,44830185,85212742
1788803497,357140,0,1820,52,27607040,44830196,85212742
1788803498,813192,0,5638,52,522768384,44830226,85233218
1788803499,1258888,0,5638,53,981491712,44830389,85250684
1788803500,1677256,0,5638,53,1413025792,44830432,85264983
1788803501,2622488,0,5638,53,2414911488,44830554,85300605
1788803502,4019096,0,5638,53,3852165120,44830584,85323859
1788803503,3921788,0,9078,53,4066226176,44830834,85341727
1788803504,5520888,0,9098,53,5649965056,44830852,85341727
1788803505,5314128,0,10456,53,6385008640,44831192,85341727
1788803506,4494784,0,10456,53,6401175552,44831263,85341727
1788803507,5251264,0,10490,53,7339401216,44831703,85341727
1788803508,5362620,0,10496,53,7404707840,44831756,85341727
1788803509,5362620,0,10496,53,7404707840,44832196,85341727
1788803510,5362620,0,10496,53,7404707840,44832234,85341727
1788803511,5362620,0,10496,54,7404707840,44832707,85341727
1788803512,5362620,0,10496,54,7404707840,44832729,85341727
1788803513,5362620,0,10496,54,7404707840,44832831,85341727
1788803514,5362620,0,10496,54,7404707840,44832835,85341727
1788803515,5362620,0,10496,54,7404707840,44832918,85341727
1788803516,5362620,0,10496,54,7404707840,44832933,85341727
1788803517,5362620,0,10496,54,7404707840,44832944,85341727
1788803518,5362620,0,10496,54,7404707840,44833012,85341727
1788803519,5362620,0,10496,54,7404707840,44833106,85341727
1788803521,5362620,0,10496,54,7404707840,44833120,85341727
1788803522,5362620,0,10496,54,7404707840,44833122,85341727
1788803523,5362624,0,10496,54,7404707840,44833135,85341727
1788803524,5362624,0,10496,54,7404707840,44833140,85341727
1788803525,5362624,0,10496,54,7404707840,44833186,85341727
1788803526,5362624,0,10496,54,7404707840,44833205,85341727
1788803527,5362624,0,10496,54,7404707840,44833316,85341727
1788803528,5362624,0,10496,54,7404707840,44833438,85341727
1788803529,5362624,0,10496,54,7404707840,44833472,85341727
1788803530,5362624,0,10496,54,7404707840,44833487,85341727
1788803531,5362624,0,10496,54,7404707840,44833511,85341727
1788803532,5362624,0,10496,54,7404707840,44833640,85341727
1788803533,5362624,0,10496,54,7404707840,44833654,85341727
1788803534,5362624,0,10496,54,7404707840,44833660,85341727
1788803535,5362624,0,10496,54,7404707840,44833681,85341727
1788803536,5362624,0,10496,54,7404707840,44833695,85341727
1788803537,5362624,0,10496,54,7404707840,44833737,85341727
1788803538,5362800,0,10496,54,7404843008,44833792,85341727
1788803539,5359344,0,10496,54,7404843008,44833861,85341727
1788803540,5290224,0,10496,54,7404843008,44833870,85341727
1788803541,5290224,0,10496,54,7404843008,44833928,85341727
1788803542,5290224,0,10496,54,7404843008,44833961,85341727
1788803543,5290224,0,10496,54,7404843008,44834042,85341727
1788803545,5290224,0,10496,54,7404843008,44834105,85341727
1788803546,5290224,0,10496,54,7404843008,44834133,85341727
1788803547,5290224,0,10497,54,7404843008,44834163,85341727
1788803548,5290224,0,10497,54,7404843008,44834197,85341727
1788803549,5290224,0,10497,54,7404843008,44834220,85341727
1788803550,5290224,0,10497,54,7404843008,44834291,85341727
1788803551,5290224,0,10497,54,7404843008,44834302,85341727
1788803552,5290224,0,10497,54,7404843008,44834396,85341727
1788803553,5290224,0,10497,54,7404843008,44834407,85341727
1788803554,5290224,0,10497,54,7404843008,44834489,85341727
1788803555,5290224,0,10497,54,7404843008,44834525,85341727
1788803556,5290224,0,10497,54,7404843008,44834535,85341727
1788803557,5290260,0,10497,54,7404843008,44834856,85341727
1788803558,5290260,0,10497,54,7404843008,44835306,85341727
1788803559,5290260,0,10497,54,7404843008,44835383,85341727
1788803560,5290260,0,10497,54,7404843008,44835660,85341727
1788803561,5290260,0,10497,54,7404843008,44835707,85341727
1788803562,5290260,0,10497,54,7404843008,44835715,85341727
1788803563,5290260,0,10497,54,7404843008,44835768,85341727
1788803564,5290260,0,10497,54,7404843008,44835788,85341727
1788803565,5290260,0,10497,54,7404843008,44835921,85341727
1788803566,5290260,0,10497,54,7404843008,44835924,85341727
1788803568,5290260,0,10497,54,7404843008,44836239,85341727
1788803569,5995196,0,10511,55,7716249600,44836337,85341727
1788803570,7164092,0,10519,55,8373739520,44836353,85341727
1788803571,8247288,0,10519,55,9106034688,44836408,85341727
1788803572,9302988,0,10519,55,9770524672,44836449,85341727
1788803573,10132172,0,10519,55,10451632128,44836464,85341727
1788803574,11361480,0,10519,55,11163115520,44836502,85341727
1788803575,12517056,0,10519,55,11906478080,44836561,85341727
1788803576,13670396,0,10519,55,12630757376,44836582,85341727
1788803577,14767756,0,10518,55,13417701376,44836643,85341727
1788803578,15799560,0,10518,56,14241120256,44836666,85341727
1788803579,17401504,0,10518,56,15043829760,44836725,85341727
1788803580,19078508,0,10518,56,15926345728,44836740,85341727
1788803581,20118932,0,10518,56,16499408896,44836757,85341727
1788803582,20178868,0,10518,56,16519118848,44836820,85341727
1788803583,21073832,0,10518,57,16943874048,44837178,85341727
1788803584,22040864,0,10518,57,17460035584,44837276,85341727
1788803585,22851248,0,10518,57,17877540864,44837450,85341727
1788803586,23809152,0,10518,57,18516553728,44837478,85341727
1788803587,24524456,0,10518,58,18910683136,44837482,85341727
1788803588,25052692,0,10518,58,19184160768,44837526,85341727
1788803589,25829620,0,10518,58,19626881024,44837632,85341727
1788803590,26035956,0,10518,57,19755421696,44837657,85341727
1788803591,26035956,0,10518,57,19755421696,44837733,85341727
1788803592,26035956,0,10518,57,19755421696,44837738,85341727
1788803593,26035956,0,10518,57,19755421696,44837832,85341727
1788803594,26035956,0,10518,57,19755421696,44837897,85341727
1788803596,26035956,0,10518,57,19755421696,44838020,85341727
1788803597,26035956,0,10518,57,19755421696,44838127,85341727
1788803598,26168124,0,10518,57,19787423744,44838203,85341727
1788803599,26521984,0,10530,59,19982278656,44838295,85341727
1788803600,27536828,0,10530,58,20508704768,44838320,85341727
1788803601,28559772,0,10530,60,21091364864,44838408,85341727
1788803602,29540608,0,10530,58,21688860672,44838422,85341727
1788803603,30550632,0,10530,60,22335475712,44838507,85341727
1788803604,31620216,0,10530,58,23017488384,44838577,85341727
1788803605,32522980,0,10530,58,23625015296,44838592,85341727
1788803606,33050836,0,10530,59,24222756864,44838655,85341727
1788803607,33413572,0,10530,60,24404369408,44838676,85341727
1788803608,33867564,0,10530,61,24635305984,44838734,85341727
1788803609,34152072,0,10536,61,24736256000,44838777,85341727
1788803610,34815852,0,10536,62,25030615040,44839011,85341727
1788803611,35409028,0,10536,61,25378250752,44839191,85341727
1788803612,36055832,0,10536,61,25728159744,44839243,85341727
1788803613,36763408,0,10536,63,26184761344,44839268,85341727
1788803614,37224404,0,10536,60,26375360512,44839280,85341727
1788803615,37224404,0,10536,59,26375360512,44839286,85341727
1788803616,37224404,0,10536,58,26375360512,44839358,85341727
1788803617,37224404,0,10536,57,26375360512,44839592,85341727
1788803618,37224404,0,10536,57,26375360512,44839664,85341727
1788803619,37224404,0,10536,56,26375360512,44839675,85341727
1788803620,37224404,0,10536,56,26375360512,44839911,85341727
1788803621,37224404,0,10536,55,26375360512,44840803,85341727
1788803622,37224404,0,10536,55,26375360512,44841366,85341727
1788803623,37224404,0,10536,55,26375360512,44841574,85341727
1788803625,37224404,0,10536,54,26375360512,44841691,85341727
1788803626,37224404,0,10536,54,26375360512,44841903,85341727
1788803627,37224404,0,10536,53,26375360512,44841923,85341727
1788803628,37224404,0,10536,53,26375360512,44842008,85341727
1788803629,37224404,0,10536,53,26375360512,44844030,85341727
1788803630,37224404,0,10536,52,26375360512,44846986,85341727
1788803631,27662064,0,1882,52,26375368704,44847007,85341727
1788803632,0,0,1658,51,0,44847092,85341727
